Email,Tên bệnh viện,Location
info@upmc.ie,Upmc Medical Center
sportsmedicine@upmc.ie,Upmc Medical Center
info@glendonaghnursinghome.ie,Glendonaghnursinghome Medical Center
388fe63e6063cc241ca2a1b0f52622a3@o61919.ingest.us.sentry.io,Fresha Medical Center
clontarf@southwilliamclinic.com,Southwilliamclinic
info@southwilliamclinic.com,Southwilliamclinic
terenure@southwilliamclinic.com,Southwilliamclinic
care@bluebirdcare.co.uk,Bluebirdcare
galway@bluebirdcare.ie,Bluebirdcare
cork@alliancemedical.ie,Alliancemedical
hello@hospital.ie,Hospital
digital@hse.ie,Www2 Medical Center
u003edigital@hse.ie,Www2 Medical Center
info@carrigoranhouse.ie,Carrigoranhouse Medical Center
info@stelizabeths.ie,Stelizabeths Medical Center
tralee@alliancemedical.ie,Alliancemedical
20info@peamount.ie,Peamount Medical Center
info@peamount.ie,Peamount Medical Center
info@thesanctuaryholisticstudio.com,Thesanctuaryholisticstudio Medical Center
naminaturale@gmail.com,Thesanctuaryholisticstudio Medical Center
support@webador.com,Thesanctuaryholisticstudio Medical Center
info@mowlamhealthcare.com,Mowlamhealthcare
moycullen@mowlamhealthcare.com,Mowlamhealthcare
388fe63e6063cc241ca2a1b0f52622a3@o61919.ingest.us.sentry.io,Fresha Medical Center
info@cityclinic.ie,Cityclinic
info@mettaphysio.com,Mettaphysio Medical Center
meganedwardscbt@gmail.com,Meganedwardscbt Medical Center
info@adhdnow.com,Adhdnow Medical Center
info@adhdnow.ie,Adhdnow Medical Center
roscoreclinic@gmail.com,Medicalherbalist
reception.cityplusgpservices@gmail.com,Cityplusgp Medical Center
info@robertrackley.ie,Robertrackley Medical Center
lirbeauty@gmail.com,Lirbeautyclinic
info@gssdocs.com,Gssdocs Medical Center
blackrockdublin@f45.ie,Abiireland Medical Center
info@ajmaesthetics.com,Ajmaesthetics Medical Center
digital@hse.ie,Www2 Medical Center
info@shannondoc.ie,Www2 Medical Center
u003edigital@hse.ie,Www2 Medical Center
clinics@firefly.ie,Fireflyclinics
waterfordskinandlaserclinic@gmail.com,Waterfordskinandlaserclinic
ebony@corkcitypsychotherapy.com,Corkcitypsychotherapy Medical Center
info@knocknacarrafamilycare.ie,Knocknacarrafamilycare
info@addictiontreatmentofmd.com,Addictiontreatmentofmaryland Medical Center
admin@clarehallnursinghome.co.uk,Clarehallnursinghome Medical Center
office@smithsfieldclinic.ie,Smithsfieldclinic
otwithemmao@gmail.com,Smithsfieldclinic
pathwaysguidance@gmail.com,Smithsfieldclinic
men@mensnetwork.ie,Mensnetwork Medical Center
donegal@fitzgeraldprivateclinic.com,Fitzgeraldprivateclinic
dublin@fitzgeraldprivateclinic.com,Fitzgeraldprivateclinic
info@limerickmentalhealth.ie,Limerickmentalhealth
jo@samaritans.ie,Limerickmentalhealth
enfield@thejamesclinic.com,Thejamesclinic
mountcaranh@gmail.com,Mountcaranursinghome Medical Center
digital@hse.ie,Www2 Medical Center
u003edigital@hse.ie,Www2 Medical Center
support@horizonmentalhealthclinic.ie,Horizonmentalhealthclinic
reception@ocil.ie,Offalycil Medical Center
info@roxboromedical.ie,Roxboromedical
info@blackrockhall.ie,Blackrockhall Medical Center
deespinology@gmail.com,Deecoxspinology Medical Center
info@seapointmedical.com,Seapointmedical
youremail@domain.ie,Seapointmedical
waterfordgpcare@protonmail.com,Waterfordgpcare
info@pcss.ie,Pcss Medical Center
darren@sportsinjurytherapy.ie,Sportsinjurytherapy Medical Center
digital@hse.ie,Www2 Medical Center
u003edigital@hse.ie,Www2 Medical Center
fundraising@dubsimon.ie,Dubsimon Medical Center
recovery@dubsimon.ie,Dubsimon Medical Center
info@bradyopticians.com,Bradyopticians Medical Center
odowdc@gmail.com,Counselling Services Limerick Medical Center
reception@tullyallenmedical.ie,Tullyallenmedical
cherrywood@alliancemedical.ie,Alliancemedical
hq@mymind.org,Mymind Medical Center
digital@hse.ie,Www2 Medical Center
u003edigital@hse.ie,Www2 Medical Center
info@birrdentalcare.ie,Birrdentalcare
waterford@dentalcareireland.ie,Dentalcareireland
juliehogantherapy@gmail.com,Juliehogantherapy Medical Center
info@powdermill.ie,Powdermill Medical Center
info@phelanspharmacy.com,Phelanspharmacy Medical Center
laurahollowayart@gmail.com,Lucenaclinic
info@waterfordchildcare.ie,Waterfordchildcare
info@silvergrovenursinghome.ie,Silvergrovenursinghome Medical Center
ashbourneclinic@centrichealth.ie,Centrichealth
caitriona.omathuna@dovida.ie,Dovida Medical Center
catriona.omathuna@dovida.ie,Dovida Medical Center
david.fleming@dovida.ie,Dovida Medical Center
name@dovida.com,Dovida Medical Center
reception@wiltonclinic.ie,Wiltonclinic
info@thebodylifeclinic.ie,Thebodylifeclinic
388fe63e6063cc241ca2a1b0f52622a3@o61919.ingest.us.sentry.io,Fresha Medical Center
gerkeanept@me.com,Thecliniccastleisland
curranmedical.info@gmail.com,Curranmedicalcentre
info@alltherapycentre.ie,Alltherapycentre Medical Center
tasmin@beingofmind.com,Beingofmind Medical Center
jubileesam8@gmail.com,Jubileemedicalcentre
leechii8@yahoo.ie,Jubileemedicalcentre
info@ferndean.ie,Ferndean Medical Center
info@mltherapies.ie,Mltherapies Medical Center
info@solvetherapy.ie,Solvetherapy Medical Center
digital@hse.ie,Www2 Medical Center
u003edigital@hse.ie,Www2 Medical Center
digital@hse.ie,Www2 Medical Center
u003edigital@hse.ie,Www2 Medical Center
clinics@dentaltech.ie,Dentaltech Medical Center
digital@hse.ie,Www2 Medical Center
u003edigital@hse.ie,Www2 Medical Center
info@suffolkstreetsurgery.ie,Suffolkst Medical Center
info@robertrackley.ie,Autismpsychotherapy Medical Center
info@thedressingclinic.ie,Thedressingclinic
hello@sarahmcgowanphysio.com,Sarahmcgowanphysio Medical Center
surgerymw@eircom.net,Waterfordgppractice Medical Center
thesurgery58@gmail.com,Waterfordgppractice Medical Center
joannepsychotherapy@gmail.com,Joannehanrahan Medical Center
digital@hse.ie,Www2 Medical Center
u003edigital@hse.ie,Www2 Medical Center
damian@kerrycounselling.ie,Kerrycounselling Medical Center
appointments@24doc.ie,24doc Medical Center
info@24doc.ie,24doc Medical Center
info@evolvehealthclinic.com,Evolvehealthclinic
info@crescentmedicalcentre.com,Crescentmedicalcentre
info@nextlevelphysiotherapy.com,Nextlevelphysiotherapy Medical Center
0a2411dd501e4441a1f4a27ebdb0b309@o4505290921410560.ingest.sentry.io,Realerecovery Medical Center
info@realerecovery.com,Realerecovery Medical Center
toniknowlescounselling@gmail.com,Claritycounselling Medical Center
388fe63e6063cc241ca2a1b0f52622a3@o61919.ingest.us.sentry.io,Fresha Medical Center
info@thesportsmassageclinic.ie,Thesportsmassageclinic
info@bluepoppydental.com,Bluepoppydental Medical Center
marketing@trinitycare.ie,Trinitycare
xxx@yyy.zz,Trinitycare
info@centralparknursing.ie,Centralparknursing Medical Center
info@caredoc.ie,Caredoc
david.fleming@dovida.ie,Dovida Medical Center
name@dovida.com,Dovida Medical Center
sarah.murphy@dovida.ie,Dovida Medical Center
admin@letterkennymedics.ie,Letterkennymedics Medical Center
info@heathergillin.ie,Heathergillin Medical Center
laurahollowayart@gmail.com,Lucena Medical Center
info@cnh.ie,Carthagenursinghome Medical Center
ot4kidscoh@gmail.com,Ot4kidscoh Medical Center
example@mail.com,Drclareapothecary Medical Center
dublinhealthclinic.ie@gmail.com,Dublindoctorcity Medical Center
reception@dublinhealthclinic.ie,Dublindoctorcity Medical Center
digital@hse.ie,Www2 Medical Center
u003edigital@hse.ie,Www2 Medical Center
alsumery@yahoo.co.uk,Corkcosmeticclinic
info@midlandsmentalhealth.ie,Midlandsmentalhealth
info@physicalwellnesscentre.ie,Physicalwellnesscentre Medical Center
hq@mymind.org,Mymind Medical Center
contact.thephysioclinicsligo@gmail.com,Thephysioclinic
info@resignify.ie,Linktr Medical Center
parkmedicalpractice.gp@healthmail.ie,Parkmedical
theparkmedicalpractice@gmail.com,Parkmedical
info@stpatricks.ie,Stpatrickshosp Medical Center
info@moyderwellmedicalcentre.ie,Moyderwellmedicalcentre
curanavan@gmail.com,Curanavan Medical Center
info@kerinperformance.com,Kerinperformance Medical Center
harmony@revival.ie,Revival Medical Center
info@revival.ie,Revival Medical Center
clinic@emergence.ie,App Medical Center
info@mowlamhealthcare.com,Mowlamhealthcare
managersanctamaria@mowlamhealthcare.com,Mowlamhealthcare
ennis@alliancemedical.ie,Alliancemedical
deenaghmedical@outlook.com,Deenaghmedicalpractice
info@glyntowncare.ie,Glyntowncare
info@coisnore.ie,Coisnore Medical Center
corklifecentre@gmail.com,Corklifecentre Medical Center
info@corklifecentre.ie,Corklifecentre Medical Center
secsju@slh.ie,Stlukesnetwork Medical Center
digital@hse.ie,Www2 Medical Center
u003edigital@hse.ie,Www2 Medical Center
info@mowlamhealthcare.com,Mowlamhealthcare
kilcolgan@mowlamhealthcare.com,Mowlamhealthcare
marketing@trinitycare.ie,Trinitycare
xxx@yyy.zz,Trinitycare
info@lawsonhouse.ie,Lawsonhousenursinghome Medical Center
vibmofo@gmail.com,Vibmofo Medical Center
digital@hse.ie,Www2 Medical Center
u003edigital@hse.ie,Www2 Medical Center
doclakes@ehg.ie,Mowlamhealthcare
info@mowlamhealthcare.com,Mowlamhealthcare
info@meridiancare.com,Meridiancare
brian.osullivan@dovida.ie,Dovida Medical Center
david.fleming@dovida.ie,Dovida Medical Center
name@dovida.com,Dovida Medical Center
appointments@24doc.ie,24doc Medical Center
info@24doc.ie,24doc Medical Center
care@thearas.com,Thearas Medical Center
info@solvetherapy.ie,Solvetherapy Medical Center
houlihanmary@yahoo.ie,Lcpc Medical Center
nikihurley@hotmail.com,Lcpc Medical Center
046c982186afa15dc9513490293d26b1@o37417.ingest.sentry.io,Hopehandson Medical Center
management@hopehandson.com,Hopehandson Medical Center
info@sligocancersupport.ie,Sligocancersupportcentre Medical Center
info@sligocancersupportcentre.ie,Sligocancersupportcentre Medical Center
info@silverbranchtherapy.ie,Silverbranchtherapy Medical Center
shane@logicode.ie,Silverbranchtherapy Medical Center
reception@kerryskin.ie,Kerryskinclinic
corkxray@corkradiologistsgroup.com,Corkradiologistsgroup Medical Center
info@christiansenmedical.com,Christiansenmedical
gerobriencork@gmail.com,Gerobrien Medical Center
admin@ceangail.ie,Ceangail Medical Center
info@freehtml5.co,Wphc Medical Center
careers@mmcc.ie,Marymountcarecentre
foh@mmcc.ie,Marymountcarecentre
evolvewaterford@gmail.com,Evolvephysiowaterford Medical Center
killarneychiroclinic@gmail.com,Killarneychiroclin Medical Center
barry@mcenteephysio.com,Mcenteephysio Medical Center
info@mcenteephysio.com,Mcenteephysio Medical Center
reception@mcenteephysio.com,Mcenteephysio Medical Center
hello@ultrasound.ie,Ultrasound Medical Center
info@killarneymedicalcentre.ie,Killarneymedicalcentre
info@trinityclinic.ie,Trinityclinic
david.fleming@dovida.ie,Dovida Medical Center
martin.murphy@dovida.ie,Dovida Medical Center
name@dovida.com,Dovida Medical Center
drkathrynmcaree@hotmail.com,Psychologyservices Medical Center
ivonka.jarysz@gmail.com,Galwaybabyscans Medical Center
info@rehabrooms.ie,Rehabrooms Medical Center
hello@castleross.ie,Castleross Medical Center
info@killimorretirementhome.ie,Killimorretirementhome Medical Center
info@hiddenhearing.ie,Hiddenhearing Medical Center
info@havenbay.ie,Havenbay Medical Center
hello@mentalhealth.ie,Mentalhealth
kristinacounselling@gmail.com,Kristinasilovs Medical Center
smithfield@alliancemedical.ie,Alliancemedical
trimgrouppractice@trimgroupgp.ie,Trimgp Medical Center
cstcork@gmail.com,Craniosacraltherapycork Medical Center
info@doctor365.ie,Doctor365 Medical Center
info@newbrooknursing.ie,Newbrooknursinghome Medical Center
stmaryshr@newbrooknursing.ie,Newbrooknursinghome Medical Center
info@rehab.ie,Rehab Medical Center
quest@nln.ie,Rehab Medical Center
info@xpresshealth.ie,Xpresshealth
recruitment@xpresshealth.ie,Xpresshealth
info@hiqa.ie,Hiqa Medical Center
info@corkchildrenclinic.com,Corkchildrensclinic
brian.osullivan@dovida.ie,Dovida Medical Center
david.fleming@dovida.ie,Dovida Medical Center
name@dovida.com,Dovida Medical Center
info@lakeviewsystem.com,Lakeviewsystem Medical Center
jenniferhogantherapy@outlook.com,Jenniferhogantherapy Medical Center
margaretkennelly@hotmail.com,Brideswellcounselling Medical Center
reception@brookfieldcc.ie,Brookfieldcc Medical Center
info@eyeandfaceclinic.ie,Eyeandfaceclinic
info@thewicklowstreetclinic.ie,Thewicklowstreetclinic
info@laserderm.ie,Laserderm Medical Center
info@wygramnursinghome.ie,Wygramnursinghome Medical Center
info@celeste-medical.ie,Celeste Medical
blackrockhospice@olh.ie,Olh Medical Center
communityharoldscross@olh.ie,Olh Medical Center
info@olh.ie,Olh Medical Center
patientservices@olh.ie,Olh Medical Center
wicklowhospice@olh.ie,Olh Medical Center
info@springhillclinc.ie,Springhillclinic
info@springhillclinic.ie,Springhillclinic
galway@jigsaw.ie,Jigsaw Medical Center
info@coslia.com,Coslia Medical Center
info@remedyclinic.ie,Remedyclinic
emily@monaghanpsychotherapy.com,Monaghanpsychotherapy Medical Center
emilypsychotherapy11@gmail.com,Monaghanpsychotherapy Medical Center
info@rehab.ie,Rehab Medical Center
info@proactivphysiotherapy.ie,Proactivphysiotherapy Medical Center
info@suffolkstreetsurgery.ie,Suffolkstreetsurgery Medical Center
info@oakparkmedicalcentre.com,Oakparkmedicalcentre
adare@mowlamhealthcare.com,Mowlamhealthcare
info@mowlamhealthcare.com,Mowlamhealthcare
info@mowlamhealthcare.com,Mowlamhealthcare
kilmainhamwood@mowlamhealthcare.com,Mowlamhealthcare
cpc@alliancemedical.ie,Alliancemedical
hello@peaceinside.ie,Peaceinside Medical Center
touchstoneptc@gmail.com,Touchstoneplaytherapy Medical Center
trueessenceholisticclinic@gmail.com,Trueessenceholistic Medical Center
care@bluebirdcare.co.uk,Bluebirdcare
kerrywestcork@bluebirdcare.ie,Bluebirdcare
388fe63e6063cc241ca2a1b0f52622a3@o61919.ingest.us.sentry.io,Fresha Medical Center
blackrockhospice@olh.ie,Olh Medical Center
communityharoldscross@olh.ie,Olh Medical Center
info@olh.ie,Olh Medical Center
patientservices@olh.ie,Olh Medical Center
wicklowhospice@olh.ie,Olh Medical Center
digital@hse.ie,Www2 Medical Center
u003edigital@hse.ie,Www2 Medical Center
digital@hse.ie,Www2 Medical Center
u003edigital@hse.ie,Www2 Medical Center
info@mymovecounselling.ie,Mymovecounselling Medical Center
info@hiqa.ie,Hiqa Medical Center
digital@hse.ie,Www2 Medical Center
u003edigital@hse.ie,Www2 Medical Center
digital@hse.ie,Www2 Medical Center
u003edigital@hse.ie,Www2 Medical Center
thorpesnh@gmail.com,Thorpesnursinghome Medical Center
appointments@24doc.ie,24doc Medical Center
info@24doc.ie,24doc Medical Center
rosemountpsychotherapy@gmail.com,Rosemountpsychotherapy Medical Center
matteoluc73@gmail.com,Osteopathkerry Medical Center
saffronbluemedicalclinic.gp@healthmail.ie,Saffronandbluemedicalclinic
eclearycounselling@gmail.com,Eclearycounselling Medical Center
celiabrett8@gmail.com,Celiabretttherapist Medical Center
info@mobilemed.ie,Mobilemedicaldiagnostics
geraldinephysiolymphclinic@gmail.com,Lymphaticdrainage Medical Center
info@mowlamhealthcare.com,Mowlamhealthcare
managerkilcoole@mowlamhealthcare.com,Mowlamhealthcare
angela.walsh@lssc.ie,Lssc Medical Center
anne.obrien@lssc.ie,Lssc Medical Center
brian.ryan@lssc.ie,Lssc Medical Center
counselling@lssc.ie,Lssc Medical Center
dave.quilty@lssc.ie,Lssc Medical Center
eamonn.lodge@lssc.ie,Lssc Medical Center
eithne.egan@lssc.ie,Lssc Medical Center
evelyn.meenaghan@lssc.ie,Lssc Medical Center
info@lssc.ie,Lssc Medical Center
joan.oshea@lssc.ie,Lssc Medical Center
joanne.ryan@lssc.ie,Lssc Medical Center
karen.prendergast@lssc.ie,Lssc Medical Center
majella.hynan@lssc.ie,Lssc Medical Center
margaret.mastriani@lssc.ie,Lssc Medical Center
margaret.oreilly@lssc.ie,Lssc Medical Center
mary.danaher@lssc.ie,Lssc Medical Center
mary.mccall@lssc.ie,Lssc Medical Center
mary.ohehir@lssc.ie,Lssc Medical Center
reception@lssc.ie,Lssc Medical Center
david.fleming@dovida.ie,Dovida Medical Center
name@dovida.com,Dovida Medical Center
office.admin1@wcfs.ie,Wicklowcommunityservices Medical Center
sarah@calmtideswellbeing.com,Calmtideswellbeing Medical Center
dawsonmedicalgpclinic@gmail.com,Dawsonmedical
info@skibbcare.com,Skibbcare
contact@dublinmindclinic.com,Dublinmindclinic
info@dublinmindclinic.com,Dublinmindclinic
ie.enquiries@emeis.com,Orpea Medical Center
ie.enquiries@emeis.com,Emeis Medical Center
fiona@fionacaseyphysio.ie,Fionacaseyphysio Medical Center
info@abbeymedicalcentre.com,Abbeymedicalcentre
hq@mymind.org,Mymind Medical Center
boyletherapy@gmail.com,Besideyoucounselling Medical Center
ie.enquiries@emeis.com,Orpea Medical Center
katisimpson@clarityireland.com,Clarityireland Medical Center
briarhill@alliancemedical.ie,Alliancemedical
catherine@soultherapies.ie,Soultherapies Medical Center
cuh.mri@alliancemedical.ie,Alliancemedical
cuh.petct@alliancemedical.ie,Alliancemedical
ghfp.gp@healthmail.ie,Ghfp Medical Center
info@citadelhealthcare.com,Waterfordnursing Medical Center
admin@whitehallclinic.ie,Whitehallclinic
gallaghernollaig@gmail.com,Heart2hearttherapy Medical Center
support@webador.com,Mcmahonsportstherapy Medical Center
info@energisetherapy.ie,Energisetherapy Medical Center
info@upmc.ie,Upmc Medical Center
digital@hse.ie,Www2 Medical Center
u003edigital@hse.ie,Www2 Medical Center
info@ioes.ie,Ioes Medical Center
info@sisuclinic.com,Sisuclinic
hq@mymind.org,Mymind Medical Center
digital@hse.ie,Www2 Medical Center
u003edigital@hse.ie,Www2 Medical Center
admissions@harmonyhillshc.com,Harmonyhillshc Medical Center
kilkennyphysio@gmail.com,Kilkennyphysioclinic
info@galwaymedical.ie,Galwaymedical
slanecounsellingcentre@gmail.com,Slanecounsellingcentre Medical Center
wexford@alliancemedical.ie,Alliancemedical
michelle@bodyauratherapies.com,Bodyauratherapies Medical Center
info@physioeireann.com,Physioeireann Medical Center
seanosullivan1987@gmail.com,Physioeireann Medical Center
info@citygatedental.ie,Citygatedental Medical Center
reception@womenshealth.ie,Womenshealthgroup
info@northdoc.ie,Northdoc Medical Center
info@optilase.com,Optilase Medical Center
info@reallyhealed.com,Reallyhealed Medical Center
onesteprecovery@gmail.com,Reallyhealed Medical Center
info@glenvets.ie,Glenvets Medical Center
maryhussey@rockmountcentre.ie,Rockmountcentre Medical Center
sheilalynch@rockmountcentre.ie,Rockmountcentre Medical Center
jamesapiclinic@gmail.com,Apiclinics
info@aldp.ie,Aldp Medical Center
praguehousefreshford@gmail.com,Praguehousecarehome
ennis.injuryclinic@gmail.com,Ennisinjuryclinic
info@polskifizjoterapeuta.ie,Pro Physio Medical Center
info@pro-physio.ie,Pro Physio Medical Center
info@mcevoymovement.ie,Mcevoymovement Medical Center
admin@gowranabbeynursinghome.ie,Gowranabbeynursinghome Medical Center
clinic@ultimatehealth.ie,Ultimatehealth
facefirstaestheticskincare@gmail.com,Facefirstaestheticskincare
info@mysite.com,Facefirstaestheticskincare
enfield@thejamesclinic.com,Theaestheticclinic
info@theaestheticclinic.ie,Theaestheticclinic
jbphysiotherapy@gmail.com,Jbphysiotherapy Medical Center
fundraising@wexfordrapecrisis.com,Wexfordrapecrisis Medical Center
support@wexfordrapecrisis.com,Wexfordrapecrisis Medical Center
rdent@outlook.ie,Rdent Medical Center
admincuan@newbrooknursing.ie,Newbrooknursinghome Medical Center
info@newbrooknursing.ie,Newbrooknursinghome Medical Center
suzannethebrook@gmail.com,Thebrook Medical Center
thebrookcounselling@gmail.com,Thebrook Medical Center
support@flourishing.ie,Flourishing Medical Center
info@cahillcounselling.com,Cahillcounselling Medical Center
info@therapyandtraining.ie,Therapyandtraining Medical Center
digital@hse.ie,Hse Medical Center
u003edigital@hse.ie,Hse Medical Center
digital@hse.ie,Www2 Medical Center
u003edigital@hse.ie,Www2 Medical Center
info@mysite.com,Sligocreekhcr Medical Center
medical@chartermedical.ie,Chartermedical
hello@gracehealthcare.ie,Gracehealthcare
info@hiqa.ie,Hiqa Medical Center
info@themerrionclinic.com,Themerrionclinic
info@primahealth.ie,Primahealth
dr.saoire.aesthetics@gmail.com,Drsaoireaesthetics Medical Center
acupcavan@gmail.com,Acupcavan Medical Center
andrew.hannah-referrals@blackrockhealth.com,Galwayorthopaedics Medical Center
andrew.hannah-referrals@galwayclinic.com,Galwayorthopaedics Medical Center
office@maryboroughnh.com,Maryboroughnh Medical Center
careers@cheshire.ie,Cheshire Medical Center
fundraising@cheshire.ie,Cheshire Medical Center
deirdre@simplyhealing.ie,Simplyhealing Medical Center
marketing@trinitycare.ie,Trinitycare
xxx@yyy.zz,Trinitycare
info@sheephavenhealthcare.com,Sheephavenhealthcare
reception@asctralee.com,Theashestreetclinic
dublinhealthclinic.ie@gmail.com,Dublinhealthclinic
reception@dublinhealthclinic.ie,Dublinhealthclinic
hello@dbc.ie,Dbc Medical Center
ie.enquiries@emeis.com,Emeis Medical Center
admin@greenparknursinghome.ie,Greenparknursinghome Medical Center
fmcwaterford@gmail.com,Fcmedicalcentre
hello@ultrasound.ie,Ultrasound Medical Center
info@psychotherapydublin.ie,Psychotherapydublin Medical Center
jobs@psychotherapydublin.ie,Psychotherapydublin Medical Center
media@psychotherapydublin.ie,Psychotherapydublin Medical Center
digital@hse.ie,Www2 Medical Center
u003edigital@hse.ie,Www2 Medical Center
info@whitemillmedicalcentre.com,Whitemillmedicalcentre
info@realerecovery.com,Realerecovery Medical Center
clarepodiatrycentre@gmail.com,Theclarepodiatrycentre Medical Center
info@developingminds.ie,Developingminds Medical Center
ennis@mowlamhealthcare.com,Mowlamhealthcare
info@mowlamhealthcare.com,Mowlamhealthcare
digital@hse.ie,Www2 Medical Center
payabill@hse.ie,Www2 Medical Center
u003edigital@hse.ie,Www2 Medical Center
u003epayabill@hse.ie,Www2 Medical Center
u003euhlpals@hse.ie,Www2 Medical Center
uhlpals@hse.ie,Www2 Medical Center
antoinette@psychotherapypractice.ie,Psychotherapypractice Medical Center
antoinette@psycotherapypractice.ie,Psychotherapypractice Medical Center
info@summerhillgp.com,Summerhillgp Medical Center
info@caredoc.ie,Caredoc
info@chinesemedicineclinic.ie,Chinesemedicineclinic
harbourlights22@gmail.com,Harbourlightsnursinghome Medical Center
bushyparkhouse@clarecare.ie,Bushypark Medical Center
info@galwayfamilydoctors.ie,Galwayfamilydoctors Medical Center
admin@tinnypark.com,Tinnyparknursinghome Medical Center
emeraldwellness.life@gmail.com,Emeraldwellness Medical Center
info@themotheringpsychologist.com,Themotheringpsychologist Medical Center
20info@oakviewnh.ie,Retirementservices Medical Center
20stjohnsstjosephs@eircom.net,Retirementservices Medical Center
care@eskerlodge.ie,Retirementservices Medical Center
castlemanor@trinitycare.ie,Retirementservices Medical Center
fairlawnsnursinghome@gmail.com,Retirementservices Medical Center
hello@collegeviewnursinghome.ie,Retirementservices Medical Center
ie.enquiries@emeis.com,Retirementservices Medical Center
info@oakviewnh.ie,Retirementservices Medical Center
info@retirementservices.ie,Retirementservices Medical Center
info@sheelinnursinghome.com,Retirementservices Medical Center
stjohnsstjosephs@eircom.net,Retirementservices Medical Center
info@perfecttherapy.ie,Perfecttherapy Medical Center
support@webador.com,Perfecttherapy Medical Center
info@clinic29.ie,Corkopticians Medical Center
info@stattractas.com,Stattractas Medical Center
support@waterfordcomputerclinic.ie,Waterfordcomputerclinic
20info@adaptservices.ie,Adaptservices Medical Center
info@adaptservices.ie,Adaptservices Medical Center
info@ndublinrdtf.ie,Ndublinrdtf Medical Center
referrals@ndublincare.ie,Ndublinrdtf Medical Center
salthilldoctor@gmail.com,Galwaydoctor Medical Center
388fe63e6063cc241ca2a1b0f52622a3@o61919.ingest.us.sentry.io,Fresha Medical Center
info.cavan.monaghan@mqi.ie,Mqi Medical Center
info@mqi.ie,Mqi Medical Center
aldona@glengarapark.ie,Beechfieldmanor Medical Center
directorofnursing@sgnh.ie,Beechfieldmanor Medical Center
don@beechparknursinghome.com,Beechfieldmanor Medical Center
don@beechwoodnursinghome.ie,Beechfieldmanor Medical Center
don@mounthyblaprivate.ie,Beechfieldmanor Medical Center
info@bethanyhousenursinghome.ie,Beechfieldmanor Medical Center
nursingcare@woodlandshouse.ie,Beechfieldmanor Medical Center
sreeja@beechfieldmanor.ie,Beechfieldmanor Medical Center
abuse@ucc.ie,Ucc Medical Center
access@ucc.ie,Ucc Medical Center
decomms@ucc.ie,Ucc Medical Center
mso@ucc.ie,Ucc Medical Center
0a2411dd501e4441a1f4a27ebdb0b309@o4505290921410560.ingest.sentry.io,Drclareclinic
lara@drclare.net,Drclareclinic
support@drclare.net,Drclareclinic
info@mowlamhealthcare.com,Mowlamhealthcare
managercastlegardens@mowlamhealthcare.com,Mowlamhealthcare
info-hccbs@upmc.ie,Upmc Medical Center
info@upmc.ie,Upmc Medical Center
rtreferrals@upmc.ie,Upmc Medical Center
u003einfo-hccbs@upmc.ie,Upmc Medical Center
u003einfo@upmc.ie,Upmc Medical Center
u003ertreferrals@upmc.ie,Upmc Medical Center
info@aungierclinic.ie,Aungierclinic
info@navancounselling.ie,Navancounselling Medical Center
arklow@autocare.ie,Autocare
bray@autocare.ie,Autocare
dunlaoghaire@autocare.ie,Autocare
gorey@autocare.ie,Autocare
kells@autocare.ie,Autocare
kilkenny@autocare.ie,Autocare
naas@autocare.ie,Autocare
rathnew@autocare.ie,Autocare
sales@autocare.ie,Autocare
info@resolvecounsellingcentre.ie,Resolvecounsellingcentre Medical Center
info@sheeranpurcellgp.ie,Sheeranpurcellgp Medical Center
wicklow@jigsaw.ie,Jigsaw Medical Center
bodybalancenmt@gmail.com,Bodybalancenmt Medical Center
info@twhealthcare.co.uk,Meadowsparkcarehome
marketing@trinitycare.ie,Trinitycare
xxx@yyy.zz,Trinitycare
digital@hse.ie,Www2 Medical Center
u003edigital@hse.ie,Www2 Medical Center
mpic@alliancemedical.ie,Alliancemedical
ie.enquiries@emeis.com,Emeis Medical Center
recruitment-ireland@emeis.com,Emeis Medical Center
info@layahealthcare.ie,Layahealthcare
gmaxmassagewaterford@gmail.com,Gmaxmassage Medical Center
info@homecaremedical.ie,Homecaremedicalsupplies
info@fourferns.ie,Fourferns Medical Center
info@dmcounsellingservices.ie,Dmcounsellingservices Medical Center
webmaster@dmcounsellingservices.ie,Dmcounsellingservices Medical Center
info@medhub.ie,Medhub Medical Center
oliviafoxpsychotherapy@gmail.com,Oliviafoxpsychotherapy Medical Center
info@stpatricks.ie,Stpatricks Medical Center
mindhealingireland@gmail.com,Mindhealing Medical Center
hq@mymind.org,Mymind Medical Center
info@ballinamorehouse.ie,Ballinamorehouse Medical Center
info@highfieldhealthcare.ie,Highfieldhealthcare
referrals@highfieldhealthcare.ie,Highfieldhealthcare
info@cashellclinic.ie,Cashellclinic
info@advancehypnosis.ie,Advancehypnosis Medical Center
digital@hse.ie,Www2 Medical Center
u003edigital@hse.ie,Www2 Medical Center
info@bloomfield.ie,Bloomfield Medical Center
joanaforde@gmail.com,Alisteningear Medical Center
templeofthebody@hotmail.com,Temple Of The Body Medical Center
admin@drmentalhealth.ie,Drmentalhealth
reception@eganshearing.ie,Eganshearing Medical Center
info@eyresquaredental.ie,Eyresquaredental Medical Center
info@hiqa.ie,Hiqa Medical Center
cork@dovida.ie,Dovida Medical Center
david.fleming@dovida.ie,Dovida Medical Center
deirdre.murray@dovida.ie,Dovida Medical Center
name@dovida.com,Dovida Medical Center
limerick@alliancemedical.ie,Alliancemedical
hello@goodco.ie,Wicklowcancersupport Medical Center
altadorereception@altadorenursinghome.ie,Altadorenursinghome Medical Center
hello@friendsofstlukes.ie,Friendsofstlukes Medical Center
info@galwayplaytherapy.ie,Galwayplaytherapy Medical Center
kenmareclinic@gmail.com,Kenmareclinic
info@cpclinic.ie,Cpclinic
digital@hse.ie,Www2 Medical Center
u003edigital@hse.ie,Www2 Medical Center
info@mowlamhealthcare.com,Mowlamhealthcare
kilrush@mowlamhealthcare.com,Mowlamhealthcare
info@aurorakilkenny.ie,Stpatrickskilkenny Medical Center
childspaceplaytherapy@gmail.com,Childspace Medical Center
support@webador.com,Childspace Medical Center
info@roseclinic.ie,Roseclinic
reception@mervuemedicalcentre.ie,Mervuemedicalcentre
info@apmcounselling.com,Apmcounselling Medical Center
dpo@westdoc.ie,Westdoc Medical Center
info@westdoc.ie,Westdoc Medical Center
info@bodybalancephysiotherapy.ie,Bodybalancephysiotherapy Medical Center
david.fleming@dovida.ie,Dovida Medical Center
name@dovida.com,Dovida Medical Center
tim.healy@dovida.ie,Dovida Medical Center
388fe63e6063cc241ca2a1b0f52622a3@o61919.ingest.us.sentry.io,Fresha Medical Center
admin@anxietyireland.ie,Anxietyireland Medical Center
drnadineaestheticsennis@gmail.com,Drnadineaesthetics Medical Center
info@ashlawnnursinghome.com,Ashlawnnursinghome Medical Center
info@firstmedicalcentre.ie,Firstmedicalcentre
info@tfmc.ie,Tfmc Medical Center
info@miriahfogarty.ie,Miriahfogarty Medical Center
maryhorancounsellor@gmail.com,Maryhorancounsellor Medical Center
20info@dooctor.ie,Dooctor Medical Center
info@dooctor.ie,Dooctor Medical Center
info.sklcounselling@gmail.com,Sklcounselling Medical Center
siobhanloakman@gmail.com,Sklcounselling Medical Center
limerick@bio-force.ie,Bio Force Medical Center
tralee@bio-force.ie,Bio Force Medical Center
help.ie@booksy.com,Booksy Medical Center
info.ie@booksy.com,Booksy Medical Center
macademyireland@gmail.com,Booksy Medical Center
info@cliffsofmoherretreat.com,Cliffsofmoherretreat Medical Center
fairdeal.galway@hse.ie,Www2 Medical Center
lpf.respitelw@hse.ie,Www2 Medical Center
hq@mymind.org,Mymind Medical Center
receptionbl@bartrahealthcare.ie,Bartrahealthcare
receptioncl@bartrahealthcare.ie,Bartrahealthcare
receptionls@bartrahealthcare.ie,Bartrahealthcare
receptionnw@bartrahealthcare.ie,Bartrahealthcare
digital@hse.ie,Www2 Medical Center
payabill@hse.ie,Www2 Medical Center
u003edigital@hse.ie,Www2 Medical Center
u003epayabill@hse.ie,Www2 Medical Center
u003euhlpals@hse.ie,Www2 Medical Center
uhlpals@hse.ie,Www2 Medical Center
blackrockmedicalclinic@gmail.com,Blackrockmedicalclinic
awiniarska16@gmail.com,Booksy Medical Center
help.ie@booksy.com,Booksy Medical Center
info.ie@booksy.com,Booksy Medical Center
info@hiqa.ie,Hiqa Medical Center
donegalchirocare@gmail.com,Donegalchirocare
digital@hse.ie,Www2 Medical Center
u003edigital@hse.ie,Www2 Medical Center
info@nhi.ie,Nhi Medical Center
digital@hse.ie,Www2 Medical Center
u003edigital@hse.ie,Www2 Medical Center
info@mapleclinic.ie,Mapleclinic
info@www.mapleclinic.ie,Mapleclinic
accounts@ardeennursinghome.ie,Ardeennursinghome Medical Center
info@phelamar.ie,Phelamar Medical Center
info@doctor365.ie,Doctor365 Medical Center
info@galwaybaymedicalcentre.ie,Galwaybaymedicalcentre
info@alhomecare.ie,Alhomecare
reception@alhomecare.ie,Alhomecare
ie.enquiries@emeis.com,Orpea Medical Center
caherass@mowlamhealthcare.com,Mowlamhealthcare
info@mowlamhealthcare.com,Mowlamhealthcare
thepark@mowlamhealthcare.com,Mowlamhealthcare
info@ennistherapycentre.ie,Ennistherapycentre Medical Center
ardleamedicalpractice.gp@healthmail.ie,Ardlea Medical Center
reception@ardlea.net,Ardlea Medical Center
info@upmc.ie,Upmc Medical Center
info@crestcounselling.ie,Crestcounselling Medical Center
digital@hse.ie,Www2 Medical Center
u003edigital@hse.ie,Www2 Medical Center
info@lifebalance.care,Lifebalance Medical Center
info@vetspecialists.ie,Vetspecialists Medical Center
info@vetspecialistscork.ie,Vetspecialists Medical Center
info@aiseiri.ie,Aiseiri Medical Center
cbt@ccbt.ie,Ccbt Medical Center
navan@alliancemedical.ie,Alliancemedical
carmelhogan12@gmail.com,Crescentmoonbookings Medical Center
www.pawsitivepethealing@gmail.com,Pawsitivepethealing Medical Center
info@turnpikeclinic.ie,Turnpikeclinic
digital@hse.ie,Www2 Medical Center
u003edigital@hse.ie,Www2 Medical Center
info@kerrycancersupport.com,Kerrycancersupport Medical Center
info@leeclinicdermatology.ie,Leeclinicdermatology
info@advancephysiowaterford.ie,Advancephysiowaterford Medical Center
admin@csmt.ie,Casp Medical Center
info@casp.ie,Casp Medical Center
bluestackveterinary@gmail.com,Bluestackveterinaryclinic
info@totalcarephysio.ie,Totalcarephysio
digital@hse.ie,Www2 Medical Center
u003edigital@hse.ie,Www2 Medical Center
info@recoveryplus.ie,Recoveryplus Medical Center
info@robertcronincoaching.com,Robertcronincoaching Medical Center
rob@robertcronincoaching.com,Robertcronincoaching Medical Center
info@gcil.ie,Gcil Medical Center
dpo@nrh.ie,Nrh Medical Center
enquiries@nrh.ie,Nrh Medical Center
foi@nrh.ie,Nrh Medical Center
patientexperience@nrh.ie,Nrh Medical Center
info@waterfordfootclinic.com,Waterfordfootclinic
info@sligosportsinjury.ie,Sligosportsinjury Medical Center
ie.enquiries@emeis.com,Emeis Medical Center
contactd12ldatf@gmail.com,Dublin12ldatf Medical Center
d12sfpreferrals@gmail.com,Dublin12ldatf Medical Center
digital@hse.ie,Www2 Medical Center
info@shannondoc.ie,Www2 Medical Center
u003edigital@hse.ie,Www2 Medical Center
info@readysteadysmiles.com,Dentalpracticedonegal Medical Center
digital@hse.ie,Www2 Medical Center
u003edigital@hse.ie,Www2 Medical Center
pals.enquiries@gmail.com,Pa Ls Medical Center
leona@2livepsychotherapy.ie,2livepsychotherapy Medical Center
digital@hse.ie,Hse Medical Center
u003edigital@hse.ie,Hse Medical Center
radiologyprivate@stjames.ie,Stjamesprivateradiology Medical Center
info@aldp.ie,Aldp Medical Center
digital@hse.ie,Www2 Medical Center
u003edigital@hse.ie,Www2 Medical Center
donmld@mhliving.ie,Moorehallliving Medical Center
infomlb@mhliving.ie,Moorehallliving Medical Center
ommla@mhliving.ie,Moorehallliving Medical Center
info@nei.ie,Nei Medical Center
avril.gilligan@carechoice.ie,Carechoice
info@galwayskinclinic.ie,Galwayskinclinic
info@elysium.ie,Elysium Medical Center
jimeveoneill@gmail.com,Jimeveoneill Medical Center
support@webador.com,Jimeveoneill Medical Center
046c982186afa15dc9513490293d26b1@o37417.ingest.sentry.io,Tallaghtrehabproject Medical Center
info@mysite.com,Tallaghtrehabproject Medical Center
info@tallaghtrehabproject.ie,Tallaghtrehabproject Medical Center
info@lighthousepsychology.ie,Lighthousepsychology Medical Center
digital@hse.ie,Www2 Medical Center
u003edigital@hse.ie,Www2 Medical Center
reception@goldenskin.ie,Goldenskin Medical Center
admin@youtherapies.ie,Youtherapies Medical Center
sharon@rushmorenursinghome.com,Rushmorenursinghome Medical Center
admissions@ioh.ie,Ioh Medical Center
hr@ioh.ie,Ioh Medical Center
hrdepartment@ioh.ie,Ioh Medical Center
pa@ioh.ie,Ioh Medical Center
info@liffeymedical.ie,Liffeymedical
admin@yspi.ie,Yspi Medical Center
filler@godaddy.com,Zilbers Way Medical Center
barry@vitalityneurorehab.ie,Vitalityneurorehab Medical Center
info@galwayhospice.ie,Galwayhospice Medical Center
dublinhealthclinic.ie@gmail.com,Dublinhealthclinic
reception@dublinhealthclinic.ie,Dublinhealthclinic
hello@corakingerlee.com,Corakingerlee Medical Center
info@moyglarenursinghome.ie,Moyglarenursinghome Medical Center
hello@gracehealthcare.ie,Bishopscourt Medical Center
frances@clare-wellness.ie,Clare Wellnessclinic
frances@clare-wellnessclinic.ie,Clare Wellnessclinic
office@rossmoreclinic.ie,Rossmoreclinic
marketing@trinitycare.ie,Trinitycare
xxx@yyy.zz,Trinitycare
info@manormedical.ie,Manormedical
michelle@newbodyandsoul.com,App Medical Center
hello@mentalhealth.ie,Mentalhealth
info@apexclinic.ie,Apexclinic
info@rdrd.ie,Rdrdthespellmancentre Medical Center
digital@hse.ie,Www2 Medical Center
u003edigital@hse.ie,Www2 Medical Center
info@araglenhouse.ie,Araglenhouse Medical Center
hello@ultrasound.ie,Ultrasound Medical Center
shanemarshallrehab@gmail.com,Shanemarshallrehab Medical Center
info@ratoathphysio.ie,Ratoathphysio Medical Center
katisimpson@clarityireland.com,Clarityireland Medical Center
blackrockdublin@f45.ie,Abiireland Medical Center
digital@hse.ie,Www2 Medical Center
u003edigital@hse.ie,Www2 Medical Center
info@rehab.ie,Rehab Medical Center
oconnellstdentalclinic@gmail.com,Waterfordcitydentist Medical Center
info@reboundinjuryclinic.ie,Reboundinjuryclinic
earth-2-earth-@selco.ie,Selco Medical Center
info@mowlamhealthcare.com,Mowlamhealthcare
killarney@mowlamhealthcare.com,Mowlamhealthcare
info@stjohnshospital.ie,Stjohnshospital
info@monaghandentureclinic.com,Monaghandentureclinic
whitehallmed@gmail.com,Whitehallmedical
digital@hse.ie,Hse Medical Center
u003edigital@hse.ie,Hse Medical Center
info@rehab.ie,Rehabcare
digital@hse.ie,Www2 Medical Center
payabill@hse.ie,Www2 Medical Center
u003edigital@hse.ie,Www2 Medical Center
u003epayabill@hse.ie,Www2 Medical Center
u003euhlpals@hse.ie,Www2 Medical Center
uhlpals@hse.ie,Www2 Medical Center
drogheda@sosadireland.ie,Sosadireland Medical Center
info@deerparknursinghome.ie,Deerparknursinghome Medical Center
support@autismcork.com,Autismcork Medical Center
reception@maynevets.co.uk,Ormondevethospital
info@mqi.ie,Mqi Medical Center
info@coler.ie,Coler Medical Center
inquiries@municipalityofkillarney.ca,Municipalityofkillarney Medical Center
khcnurse@vianet.ca,Municipalityofkillarney Medical Center
reception@bridhaven.ie,Bridhaven Medical Center
info@lph.ie,Lph Medical Center
info@cpclinic.ie,Cpclinic
info@thesquaremedical.ie,Centricgp Medical Center
0a2411dd501e4441a1f4a27ebdb0b309@o4505290921410560.ingest.sentry.io,Pauladuffin Medical Center
info@pauladuffin.ie,Pauladuffin Medical Center
wexford@motivation.ie,Pauladuffin Medical Center
sligofrc@gmail.com,Sligofamilyresourcecentre Medical Center
dublinhealthclinic.ie@gmail.com,Dublinhealthclinic
reception@dublinhealthclinic.ie,Dublinhealthclinic
info@emmapounch.com,Emmapounch Medical Center
alison.hegarty@dovida.ie,Dovida Medical Center
david.fleming@dovida.ie,Dovida Medical Center
name@dovida.com,Dovida Medical Center
support.donegal@dovida.ie,Dovida Medical Center
digital@hse.ie,Www2 Medical Center
u003edigital@hse.ie,Www2 Medical Center
info@rehab.ie,Rehab Medical Center
kathleencrinion@gmail.com,Willowavenuetherapy Medical Center
tullamore@alliancemedical.ie,Alliancemedical
admin@brccork.com,Brccork Medical Center
info@capslimerick.ie,Capslimerick Medical Center
navan@dentalcareireland.ie,Dentalcareireland
info@thenaturalclinic.ie,Thenaturalclinic
info@cbt-therapy-mindfulness.ie,Cbt Therapy Mindfulness Medical Center
advice@waterstoneclinic.ie,Waterstoneclinic
david.fleming@dovida.ie,Dovida Medical Center
frances.maloney@dovida.ie,Dovida Medical Center
name@dovida.com,Dovida Medical Center
digital@hse.ie,Www2 Medical Center
u003edigital@hse.ie,Www2 Medical Center
info@aurorahealth.ie,Aurorahealth
gelixabeta@gmail.com,Kerrypsychotherapy Medical Center
info@kerrypsychotherapy.net,Kerrypsychotherapy Medical Center
martina.tobin99@gmail.com,Cbt Therapist Medical Center
limerick@layaclinics.ie,Alliancemedical
absolutecarolkenny@gmail.com,Absolutehealing Medical Center
abuse@ucc.ie,Ucc Medical Center
decomms@ucc.ie,Ucc Medical Center
info@mowlamhealthcare.com,Mowlamhealthcare
managerstcolmcilles@mowlamhealthcare.com,Mowlamhealthcare
info@lisheennursinghome.com,Lisheennursinghome Medical Center
info@soulclinic.ie,Soulclinic
sharonobrienpsychotherapy@gmail.com,Sharonobrienpsychotherapy Medical Center
digital@hse.ie,Www2 Medical Center
u003edigital@hse.ie,Www2 Medical Center
ostaraclinic@gmail.com,Ostaraclinic
saurgerydrkieranwhyte@gmail.com,Drkieranwhyte Medical Center
surgerydrkieranwhyte@gmail.com,Drkieranwhyte Medical Center
mmc4academy@gmail.com,Mm Injury Clinic And Fitness Academy
ballincollig@mowlamhealthcare.com,Mowlamhealthcare
info@mowlamhealthcare.com,Mowlamhealthcare
info@clarephysio.ie,Clarephysio Medical Center
info@newwavewildproject.ie,Newwavewildproject Medical Center
philip@newwavewildproject.ie,Newwavewildproject Medical Center
enquiries@premieracupuncture.ie,Premieracupuncture Medical Center
royalmedlimerick@gmail.com,Cliniclimerick
info@thefootlab.ie,Thefootlab Medical Center
mbrennan@bonsecours.ie,Corksurgery Medical Center
mtwomey@bonsecours.ie,Corksurgery Medical Center
gascoignehouse@cowpercare.ie,Cowpercare
glebehouse@cowpercare.ie,Cowpercare
noreply@cowpercare.ie,Cowpercare
stpatricks@cowpercare.ie,Cowpercare
info@theheartclinic.ie,Theheartclinic
patrick.owens@healthmail.ie,Theheartclinic
digital@hse.ie,Www2 Medical Center
payabill@hse.ie,Www2 Medical Center
u003edigital@hse.ie,Www2 Medical Center
u003epayabill@hse.ie,Www2 Medical Center
u003euhlpals@hse.ie,Www2 Medical Center
uhlpals@hse.ie,Www2 Medical Center
info@smarttms.co.uk,Smarttms Medical Center
info@smarttms.ie,Smarttms Medical Center
info@talktoger.ie,Talktoger Medical Center
info@mowlamhealthcare.com,Mowlamhealthcare
waterford@mowlamhealthcare.com,Mowlamhealthcare
hello@mentalhealth.ie,Mentalhealth
newskin.14@gmail.com,Newskinclinic
taomed@mail.com,Taomed Medical Center
hello@mentalhealth.ie,Mentalhealth
info@taborgroup.ie,Taborgroup Medical Center
uniquetherapy48@gmail.com,Uniquetherapyspace Medical Center
info@killurebridge.com,Killurebridge Medical Center
info@archviewclinic.ie,Archviewclinic
hello@michaelgarveytherapy.com,Michaelgarveytherapy Medical Center
info@mycbt.ie,Mycbt Medical Center
kevinhcbt@gmail.com,Mycbt Medical Center
info@assurephysio.ie,Assurephysio Medical Center
info@beoaris.ie,Beoaris Medical Center
info@theresahurstpsychotherapy.com,Theresahurstpsychotherapy Medical Center
info@caremark.ie,Caremark
mellabritton@gmail.com,Skintherapy Medical Center
info@cahillopticians.ie,Cahillopticians Medical Center
conor@greenx.ie,Medicalindependent
uhk.mri@alliancemedical.ie,Alliancemedical
info@communicare.ie,Communicare
macroom@carechoice.ie,Carechoice
dayhospital@materprivate.ie,Dayhospital
digital@hse.ie,Www2 Medical Center
u003edigital@hse.ie,Www2 Medical Center
orchidhouse.lmt@depaulcharity.net,Ie Medical Center
info@lifesynctherapy.com,Lifesynctherapy Medical Center
digital@hse.ie,Www2 Medical Center
u003edigital@hse.ie,Www2 Medical Center
info@chiren.ie,Chiren Medical Center
admin@csmc.ie,Catherinestreetmedical
drweilanpainclinic@gmail.com,Drlanpainclinic
wei.lan@healthmail.ie,Drlanpainclinic
hello@sligocil.ie,Sligocil Medical Center
info@rocheinjuryclinic.com,Rocheinjuryclinic
info@caremark.ie,Caremark
info@sisuclinic.com,Sisuclinic
hello@drlauraclinic.ie,Phare Medical Center
reception@wicklowfamilypractice.ie,Wicklowfamilypractice Medical Center
admin@johnshill.ie,Johnshill Medical Center
johnshillmedicalpractice.gp@healthmail.ie,Johnshill Medical Center
admin@corkstrokesupport.ie,Corkstrokesupport Medical Center
info@corkstrokesupport.ie,Corkstrokesupport Medical Center
nursefiona@rionaaestheticsclinic.ie,Rionaaestheticsclinic
rionaaestheticsclinic@gmail.com,Rionaaestheticsclinic
enquiries@silverstream.ie,Silverstream Medical Center
info@galwayultrasoundspecialists.ie,Galwayultrasoundspecialists Medical Center
info@nightingalenursinghome.ie,Nightingalenursinghome Medical Center
info@noeldillondaly.com,Noeldillondaly Medical Center
help.ie@booksy.com,Booksy Medical Center
info.ie@booksy.com,Booksy Medical Center
lukaszzajac207@gmail.com,Booksy Medical Center
digital@hse.ie,Www2 Medical Center
u003edigital@hse.ie,Www2 Medical Center
drogheda@alliancemedical.ie,Alliancemedical
marketing@trinitycare.ie,Trinitycare
xxx@yyy.zz,Trinitycare
archtherapy@hotmail.com,Archtherapy Medical Center
info@carrycare.ie,Carrycare
marketing@trinitycare.ie,Trinitycare
xxx@yyy.zz,Trinitycare
antonio@webgas.net,Fettle Medical Center
fettleireland@gmail.com,Fettle Medical Center
hello@fettle.ie,Fettle Medical Center
info@orthoclinic.ie,Orthoclinic
hartiganpp@gmail.com,Booking Medical Center
info@onehourforme.ie,Onehourforme Medical Center
hello@ailishlaser.ie,Ailishlaserskincare
info@ailishbeauty.ie,Ailishlaserskincare
info@grovetherapy.ie,Grovetherapy Medical Center
reception@parkfamilypractice.ie,Parkfamilypractice Medical Center
digital@hse.ie,Www2 Medical Center
u003edigital@hse.ie,Www2 Medical Center
digital@hse.ie,Www2 Medical Center
u003edigital@hse.ie,Www2 Medical Center
support@judymoloney.com,Judymoloney Medical Center
info@rehab.ie,Rehab Medical Center
galway@tmb.ie,Tmb Medical Center
ie.enquiries@emeis.com,Orpea Medical Center
388fe63e6063cc241ca2a1b0f52622a3@o61919.ingest.us.sentry.io,Fresha Medical Center
info@thedalescentre.ie,Thedalescentre Medical Center
info@hospice.ie,Hospice Medical Center
ie.enquiries@emeis.com,Orpea Medical Center
cyd.claritytherapy@gmail.com,Claritytherapy Medical Center
info@letstalkcounsellingservices.ie,Letstalkcounsellingservices Medical Center
celine@ccras.ie,Ccras Medical Center
paul@ccras.ie,Ccras Medical Center
jptierneyphysio@icloud.com,Jptierneynmtphysio Medical Center
dmcpsychology@outlook.com,Dwmclinic
montenotte@carechoice.ie,Carechoice
info@pmcphysiotherapy.ie,Pmcphysiotherapy Medical Center
info@mowlamhealthcare.com,Mowlamhealthcare
thepark@mowlamhealthcare.com,Mowlamhealthcare
recruitment@terraglen.ie,Terraglen Medical Center
info@elitefitnesscork.com,Elitefitnesscork Medical Center
kerry@jigsaw.ie,Jigsaw Medical Center
abbeygrove@gmail.com,Www2 Medical Center
digital@hse.ie,Www2 Medical Center
reception@abbeyleixmedical.ie,Www2 Medical Center
reception@clanmauricemp.com,Www2 Medical Center
u003edigital@hse.ie,Www2 Medical Center
sligo@alliancemedical.ie,Alliancemedical
info@cavanphysio.ie,Cavanphysio Medical Center
thurles@alliancemedical.ie,Alliancemedical
marketing@trinitycare.ie,Trinitycare
xxx@yyy.zz,Trinitycare
info@alcoholforum.org,Alcoholforum Medical Center
info@physiocentral.ie,Physiocentral Medical Center
info@willowbrooklodge.ie,Willowbrooklodge Medical Center
info@claremountnursinghome.ie,Claremountnursinghome Medical Center
wicklowwell@gmail.com,Wicklowwell Medical Center
info@polskifizjoterapeuta.ie,Pro Physio Medical Center
info@pro-physio.ie,Pro Physio Medical Center
office@rossmoreclinic.ie,Rossmoreclinic
0a2411dd501e4441a1f4a27ebdb0b309@o4505290921410560.ingest.sentry.io,Realerecovery Medical Center
info@realerecovery.com,Realerecovery Medical Center
enfield@thejamesclinic.com,Thejamesclinic
info@communicare.ie,Communicare
damestreetmedicalcentre@gmail.com,Damestreetmedical
digital@hse.ie,Www2 Medical Center
u003edigital@hse.ie,Www2 Medical Center
intl.isit@mayo.edu,Mayoclinic
u003eintl.isit@mayo.edu,Mayoclinic
info@togetherforhospice.ie,Togetherforhospice Medical Center
info@broadwater.ie,Broadwater Medical Center
info@upmc.ie,Upmc Medical Center
digital@hse.ie,Hse Medical Center
u003edigital@hse.ie,Hse Medical Center
info@hiqa.ie,Hiqa Medical Center
info@medicalweightmanagementclinic.ie,Medicalweightmanagementclinic
medicalweightmanagementclinic@gmail.com,Medicalweightmanagementclinic
ie.enquiries@emeis.com,Orpea Medical Center
hannah@sexualhealthcentre.com,Sexualhealthcentre
info@sexualhealthcentre.com,Sexualhealthcentre
digital@hse.ie,Hse Medical Center
u003edigital@hse.ie,Hse Medical Center
prescription@tullamoremedical.ie,Tullamoremedical
karengillespie.therapy@gmail.com,Limerickcitytherapy Medical Center
sineadcbt@gmail.com,Sineadcbt Medical Center
abuse@company.site,Bebeautykillarney Medical Center
bebeautykillarney@gmail.com,Bebeautykillarney Medical Center
docstmarthas@ehg.ie,Mowlamhealthcare
info@mowlamhealthcare.com,Mowlamhealthcare
digital@hse.ie,Www2 Medical Center
u003edigital@hse.ie,Www2 Medical Center
388fe63e6063cc241ca2a1b0f52622a3@o61919.ingest.us.sentry.io,Fresha Medical Center
ie.enquiries@emeis.com,Orpea Medical Center
20beechwoodhouse@live.ie,Retirementservices Medical Center
20caherassnursinghome@eircom.net,Retirementservices Medical Center
20corballyhousenh@eircom.net,Retirementservices Medical Center
20derekpaterson@eircom.net,Retirementservices Medical Center
20eileen.sweeney@mcauleyhouse.ie,Retirementservices Medical Center
20info@athlunkardnh.com,Retirementservices Medical Center
20info@beechlodgecarefacility.ie,Retirementservices Medical Center
20info@stanthonysnursinghome.ie,Retirementservices Medical Center
20manageradare@mowlamhealthcare.com,Retirementservices Medical Center
20managercastletroy@mowlamhealthcare.com,Retirementservices Medical Center
20st.gobnaits@gmail.com,Retirementservices Medical Center
20thorpesnh@gmail.com,Retirementservices Medical Center
adminroseville@ehg.ie,Retirementservices Medical Center
beechwoodhouse@live.ie,Retirementservices Medical Center
caherassnursinghome@eircom.net,Retirementservices Medical Center
care@windmillhealthcare.ie,Retirementservices Medical Center
corballyhousenh@eircom.net,Retirementservices Medical Center
derekpaterson@eircom.net,Retirementservices Medical Center
eileen.sweeney@mcauleyhouse.ie,Retirementservices Medical Center
emmetbeston@hotmail.com,Retirementservices Medical Center
info@athlunkardnh.com,Retirementservices Medical Center
info@beechlodgecarefacility.ie,Retirementservices Medical Center
info@milfordcarecentre.ie,Retirementservices Medical Center
info@retirementservices.ie,Retirementservices Medical Center
info@stanthonysnursinghome.ie,Retirementservices Medical Center
killeline@windmillhealthcare.ie,Retirementservices Medical Center
lirnursinghome16@outlook.com,Retirementservices Medical Center
manageradare@mowlamhealthcare.com,Retirementservices Medical Center
managercastletroy@mowlamhealthcare.com,Retirementservices Medical Center
managerstmichaels@gmail.com,Retirementservices Medical Center
mgnh@eircom.net,Retirementservices Medical Center
st.gobnaits@gmail.com,Retirementservices Medical Center
stephen@scncw.com,Retirementservices Medical Center
thorpesnh@gmail.com,Retirementservices Medical Center
kpsninfo@gmail.com,Connectwell Medical Center
kpsninfo@gmail.com,Kerrypeersupportnetwork Medical Center
info@rivervalenh.com,Rivervalenursinghome Medical Center
farranforemedicalcentre.gp@healthmail.ie,Fmc Medical Center
mail@fmc.ie,Fmc Medical Center
contact@kilkennyphysiotherapy.ie,Kilkennyphysiotherapy Medical Center
claudia@claudiageratz.com,Claudiageratz Medical Center
resetwellness.ie@gmail.com,Resetwellness Medical Center
admin@yourskinexpert.ie,Yourskinexpert Medical Center
ask@yourskinexpert.ie,Yourskinexpert Medical Center
d2medical@gmail.com,D2medical
marystobie@icloud.com,Bluebellcounselling Medical Center
sharonreflexology@gmail.com,Cavanreflexology Medical Center
info@healingmentalhealthnow.com,Mycrm Medical Center
info@abbeylandsnursinghome.com,Abbeylandsnursinghome Medical Center
support@therapists.ie,Therapists Medical Center
support@therapyrooms.com,Therapists Medical Center
hello@elephantmindfulness.com,Elephantmindfulness Medical Center
collette.deeney@tusla.ie,Cavanmonaghanservices Medical Center
reception@davidburkeclinic.com,Davidburkeclinic
digital@hse.ie,Www2 Medical Center
u003edigital@hse.ie,Www2 Medical Center
abby.ehmer@va.gov,Va Medical Center
shannon.mcmanus-bowers@va.gov,Va Medical Center
reception@sonasmedicalcentre.ie,Sonasmedicalcentre
info@kerloguenursinghome.com,Kerloguenursinghome Medical Center
info@whiteoakscentre.com,Whiteoakscentre Medical Center
info@doctor365.ie,Doctor365 Medical Center
graceharrisonpsychotherapy@gmail.com,Graceharrison Medical Center
info@midkerryphysio.ie,Midkerryphysio Medical Center
hello@medicalskinclinic.ie,Medicalskinclinic
info@marymount.ie,Marymount Medical Center
havenmedicalpractice.gp@healthmail.ie,Havenmedicalpractice
info@havenmedicalpractice.ie,Havenmedicalpractice
hello@peacetogether.ie,Peacetogether Medical Center
aldona@glengarapark.ie,Stgabrielsnursinghome Medical Center
directorofnursing@sgnh.ie,Stgabrielsnursinghome Medical Center
don@beechparknursinghome.com,Stgabrielsnursinghome Medical Center
don@beechwoodnursinghome.ie,Stgabrielsnursinghome Medical Center
don@mounthyblaprivate.ie,Stgabrielsnursinghome Medical Center
info@bethanyhousenursinghome.ie,Stgabrielsnursinghome Medical Center
nursingcare@woodlandshouse.ie,Stgabrielsnursinghome Medical Center
sreeja@beechfieldmanor.ie,Stgabrielsnursinghome Medical Center
info@rehab.ie,Nln Medical Center
phlebotomyathome@gmail.com,Lorencmedical
info@ultrascan.ie,Ultrascan Medical Center
medical@ultrascan.ie,Ultrascan Medical Center
clonminchmedicalcentre.gp@healthmail.ie,Clonminchmedical
info@clonminchmedical.ie,Clonminchmedical
digital@hse.ie,Www2 Medical Center
u003edigital@hse.ie,Www2 Medical Center
drmarilee@venustas.ie,Venustas Medical Center
digital@hse.ie,Www2 Medical Center
u003edigital@hse.ie,Www2 Medical Center
westcoastphysioireland@gmail.com,Westcoastphysio Medical Center
aldona@glengarapark.ie,Mounthyblaprivate Medical Center
directorofnursing@sgnh.ie,Mounthyblaprivate Medical Center
don@beechparknursinghome.com,Mounthyblaprivate Medical Center
don@beechwoodnursinghome.ie,Mounthyblaprivate Medical Center
don@mounthyblaprivate.ie,Mounthyblaprivate Medical Center
info@bethanyhousenursinghome.ie,Mounthyblaprivate Medical Center
nursingcare@woodlandshouse.ie,Mounthyblaprivate Medical Center
sreeja@beechfieldmanor.ie,Mounthyblaprivate Medical Center
info@enhanceskinandlaser.ie,Enhanceskinandlaser Medical Center
referrals@galwayplasticsurgery.com,Galwayplasticsurgery Medical Center
ballincollig@dentalcareireland.ie,Dentalcareireland
hello@templebardoc.com,Templebardoc Medical Center
wexfordsurgery@wpasc.com,Wpasc Medical Center
info@hiqa.ie,Hiqa Medical Center
deanfeeappeal@stpatricks.ie,Stpatricks Medical Center
dublinhealthclinic.ie@gmail.com,Dublinhealthclinic
reception@dublinhealthclinic.ie,Dublinhealthclinic
mayohospitallahore@gmail.com,Mayohospital
digital@hse.ie,Www2 Medical Center
u003edigital@hse.ie,Www2 Medical Center
contact@eyedoc.ie,Eyedoc Medical Center
info@pauladuffin.ie,Pauladuffin Medical Center
info@waterfordmedicalcentre.com,Waterfordmedicalcentre
info@ennistherapycentre.ie,Ennistherapycentre Medical Center
info@billiejeanbyrnetherapy.ie,Billiejeanbyrnetherapy Medical Center
drmgtpierse@gmail.com,Medicaleyecare
hydropool@stgabriels.ie,Stgabriels Medical Center
info@stgabriels.ie,Stgabriels Medical Center
ie.enquiries@emeis.com,Emeis Medical Center
donna@mindfulnessjourney.ie,Mindfulnessjourney Medical Center
facefirstaestheticskincare@gmail.com,Facefirstaestheticskincare
info@mysite.com,Facefirstaestheticskincare
reception@eastclinic.ie,Eastclinic
info@mstherapycentre.ie,Mstherapycentre Medical Center
info@hiqa.ie,Hiqa Medical Center
info@axonrehab.ie,Axonrehab Medical Center
limerick@bio-force.ie,Bio Force Medical Center
tralee@bio-force.ie,Bio Force Medical Center
novasmarketing2023@gmail.com,Novas Medical Center
digital@hse.ie,Www2 Medical Center
u003edigital@hse.ie,Www2 Medical Center
wingsofwicklow@gmail.com,Linktr Medical Center
info@flynnsdentalcare.ie,Flynnsdentalcare
cedarfamilypractice1@gmail.com,Cedarfamilypractice Medical Center
info@dromrespite.ie,Dromrespite Medical Center
digital@hse.ie,Www2 Medical Center
u003edigital@hse.ie,Www2 Medical Center
dcil@donegalcil.com,Donegalcil Medical Center
rosaleen.bradley@donegalcil.com,Donegalcil Medical Center
ie.enquiries@emeis.com,Orpea Medical Center
cork@materprivate.ie,Materprivate Medical Center
conorbarryphysio@gmail.com,Conorbarryphysio Medical Center
info@kerryhypnotherapy.com,Kerryhypnotherapy Medical Center
info@bridgeplacedental.ie,Bridgeplacedental Medical Center
monikamorgillo@gmail.com,Mmfosteopathy Medical Center
info@oasiscentre.ie,Oasiscentre Medical Center
swords@alliancemedical.ie,Alliancemedical
support@therapyrooms.com,Therapists Medical Center
info@andreas.ie,Andreas Medical Center
advancedchiropracticclare@gmail.com,Advancedchiropractic Medical Center
digital@hse.ie,Www2 Medical Center
u003edigital@hse.ie,Www2 Medical Center
looksbylauren1@hotmail.com,Book Medical Center
corpuschristinh@gmail.com,Corpuschristinursinghome Medical Center
kilkenny.chiropractic@outlook.com,Kilkennychiropracticclinic
kilkennychiroclinic@gmail.com,Kilkennychiropracticclinic
digital@hse.ie,Www2 Medical Center
u003edigital@hse.ie,Www2 Medical Center
info@secretessence.ie,Secretessence Medical Center
info@cahercalla.ie,Cahercalla Medical Center
inhealthfrontdesk@gmail.com,Inhealthchiropractic
cavan@scanclinic.ie,Scanclinic
drogheda@scanclinic.ie,Scanclinic
navan@scanclinic.ie,Scanclinic
info@travelhealth.ie,Travelhealth
info@galvinphysiotherapy.ie,Galvinphysiotherapy Medical Center
edenderryclinicsupport@healthmail.ie,Edenderryclinic
info@edenderryclinic.ie,Edenderryclinic
prescriptions@edenderryclinic.ie,Edenderryclinic
westmountclinic.gp@healthmail.ie,Westmount Clinic
info@northwesthospice.ie,Northwesthospice Medical Center
digital@hse.ie,Www2 Medical Center
u003edigital@hse.ie,Www2 Medical Center
info@samanthafitzgibbon.ie,Samanthafitzgibbon Medical Center
marinaandersoncounsellor@gmail.com,Threadsoflifecounsellingservice Medical Center
saintjosephs@sjog.ie,Saintjosephsshankill Medical Center
info@ennisroadcarefacility.ie,Ennisroadcarefacility
everardpilates@gmail.com,Everardphysio Medical Center
hello@everardphysio.com,Everardphysio Medical Center
info@waterfordeyespecialists.ie,Waterfordeyespecialists Medical Center
hello@enableireland.ie,Enableireland Medical Center
info@accessiblecounselling.ie,Accessiblecounselling Medical Center
info@medica.ie,Medica Medical Center
388fe63e6063cc241ca2a1b0f52622a3@o61919.ingest.us.sentry.io,Fresha Medical Center
wexfordmha@mentalhealthireland.ie,Wexfordmentalhealthassociation
info@dunshaughlindental.ie,Dunshaughlindental Medical Center
admin.central@larche.ie,Larche Medical Center
info@larchecork.org,Larche Medical Center
jacqueline.malone@carechoice.ie,Carechoice
juliepsychotherapy@gmail.com,Juliepsychotherapy Medical Center
reception@friarycourtdental.ie,Friarycourtdental Medical Center
info@kbfrc.ie,Kbfrc Medical Center
info@parkehouse.ie,Parkehouse Medical Center
bookings@clannadcare.ie,Clannadcare
homecare@clannadcare.ie,Clannadcare
info@clannadcare.ie,Clannadcare
recruitment@clannadcare.ie,Clannadcare
labs@agridiagnostics.ie,Agridiagnostics Medical Center
20wicklowdental@hotmail.com,Wicklowdental Medical Center
wicklowdental@hotmail.com,Wicklowdental Medical Center
info@westsidesurgery.ie,Galviawestmedicalcentre
info@aislinghouse.ie,Aislinghouse Medical Center
changes@hypnotherapyireland.net,Hypnotherapyireland Medical Center
marketing@trinitycare.ie,Trinitycare
xxx@yyy.zz,Trinitycare
taraoc2801@gmail.com,Clementcounsellingpsychotherapy Medical Center
info@prospecthealthcentre.com,Prospecthealthcentre
marketing@trinitycare.ie,Trinitycare
xxx@yyy.zz,Trinitycare
info@eftireland.net,Eftireland Medical Center
info@abbeymedicalwexford.ie,Abbeymedicalwexford
info@paulinesbeauty.ie,Paulinesbeauty Medical Center
info@paulinesclinic.com,Paulinesbeauty Medical Center
ie.enquiries@emeis.com,Orpea Medical Center
polyclinic@healthmail.ie,Polyclinic
polycliniclimerick@gmail.com,Polyclinic
reception@polyclinic.ie,Polyclinic
info@mqi.ie,Mqi Medical Center
info@ezercounselling.ie,Ezercounselling Medical Center
info@dentalorthodonticcentre.com,Dentalorthodonticcentre Medical Center
ocmedcentre@hotmail.com,Oconnellst Medical Center
patrickstmedical@gmail.com,Patrickstreetmedicalcentre
info@waterfordcil.com,Waterfordcil Medical Center
kristinacounselling@gmail.com,Kristinasilovs Medical Center
bgolchin@corkeyeclinic.ie,Corkeyeclinic
julie@faceandfigure.ie,Faceandfigure Medical Center
info@northwesthospice.ie,Northwesthospice Medical Center
digital@hse.ie,Www2 Medical Center
u003edigital@hse.ie,Www2 Medical Center
lemonad@jovanny.ru,Soulutiontherapist Medical Center
whelank787@gmail.com,Soulutiontherapist Medical Center
remedialphysio@gmail.com,Remedialphysio Medical Center
info@rehabrightphysio.com,Rehabrightphysio Medical Center
caiadmin@chiropractic.ie,Chiropractic Medical Center
uhg@alliancemedical.ie,Alliancemedical
ainepod@gmail.com,Adpodiatryclinic
info@altusclinic.com,Altusclinic
info@conventstreetclinic.com,Conventstreetclinic
acupuncturecavan@gmail.com,Acupuncturecavan Medical Center
digital@hse.ie,Www2 Medical Center
u003edigital@hse.ie,Www2 Medical Center
info@thekellyclinic.com,Thekellyclinic
digital@hse.ie,Www2 Medical Center
u003edigital@hse.ie,Www2 Medical Center
primahengkiki@gmail.com,Icpop Medical Center
enquiries@misneachcentre.ie,Misneachcentre Medical Center
kellyb.psychotherapy@gmail.com,Kellybtherapy Medical Center
enquiries@orwellhealthcare.ie,Orwellhealthcare
admin@rathkeevannursinghome.com,Rathkeevannursinghome Medical Center
cspca@hotmail.com,Ispca Medical Center
donegal@ispca.ie,Ispca Medical Center
info@cdpa.ie,Ispca Medical Center
info@ispca.ie,Ispca Medical Center
info@kilkennyspca.ie,Ispca Medical Center
info@louthspca.ie,Ispca Medical Center
info@wexfordspca.ie,Ispca Medical Center
infowicklow@ispca.ie,Ispca Medical Center
kwwspca@gmail.com,Ispca Medical Center
lawsanctuary@gmail.com,Ispca Medical Center
longfordspca@gmail.com,Ispca Medical Center
lspcarescue@gmail.com,Ispca Medical Center
mallow@ispca.ie,Ispca Medical Center
ncdspca@gmail.com,Ispca Medical Center
offalyspca@live.com,Ispca Medical Center
rehoming@ispca.ie,Ispca Medical Center
spca@roscommonspca.ie,Ispca Medical Center
tfoaspca@gmail.com,Ispca Medical Center
waterford@ispca.ie,Ispca Medical Center
westmeathspca@gmail.com,Ispca Medical Center
admin@fitzgeraldopticians.com,Fitzgeraldopticians Medical Center
info@evolvementalhealth.ie,Evolvementalhealth
info@apcphysio.ie,Apcphysio Medical Center
hello@theskinlab.ie,Theskinlab Medical Center
info@precisiontherapyclinic.ie,Precisiontherapyclinic
info@trimmedical.ie,Centricgp Medical Center
hello@doctor1618cork.ie,Doctor1618cork Medical Center
hello@healthyminds.ie,Healthyminds
drugtaskforce@nwdrugtaskforce.ie,Nwdrugtaskforce Medical Center
maev.gallagher@hse.ie,Nwdrugtaskforce Medical Center
info@hiqa.ie,Hiqa Medical Center
